Robot's model,Number in group,weight,payload,reach,A factor,Repeatability,B factor,avg,DOF,type,ang1,ang2,ang3,ang4,ang5,ang6,ang7
LR Mate 200 iD 4SH ,1,19,4,550,115.8,0.013,8906.9,700,5,IR,460,460,520,560,1500,,
LR Mate 200 iD 4S ,2,20,4,550,110,0.01,11000,577,6,IR,460,460,520,560,560,900,
LR Mate 200 iD 4SC ,3,20,4,550,110,0.013,8461.5,577,6,IR,460,460,520,560,560,900,
LR Mate 200 iD 7H ,4,24,7,717,209.1,0.018,11618.1,679,5,IR,450,380,520,545,1500,,
LR Mate 200 iD 7C ,5,25,7,717,200.8,0.018,11153.3,574,6,IR,450,380,520,550,545,1000,
LR Mate 200 iD 7WP ,6,25,7,717,200.8,0.018,11153.3,574,6,IR,450,380,520,550,545,1000,
LR Mate 200 iD ,7,25,7,717,200.8,0.01,20076,574,6,IR,450,380,520,550,545,1000,
LR Mate 200 iD 7L ,8,27,7,911,236.2,0.01,23618.5,531,6,IR,370,310,410,550,545,1000,
LR Mate 200 iD 7LC ,9,27,7,911,236.2,0.018,13121.4,531,6,IR,370,310,410,550,545,1000,
LR Mate 200 iD 14L ,10,27,14,911,472.4,0.01,47237,213,6,IR,120,61,58,400,240,400,
LR-10 iA 10,11,46,10,1101,239.3,0.01,23934.8,428,6,IR,300,230,340,500,400,800,
M-10 iD 8L ,12,180,8,2032,90.3,0.03,3010.4,373,6,IR,210,210,220,430,450,720,
M-10 iD 10L ,13,150,10,1636,109.1,0.03,3635.6,393,6,IR,260,240,260,430,450,720,
M-10 iD 12,14,145,12,1441,119.3,0.02,5962.8,393,6,IR,260,240,260,430,450,720,
M-10 iD 12 Dustproof,15,145,12,1441,119.3,0.02,5962.8,393,6,IR,260,240,260,430,450,720,
M-10 iD 12 Foodgrade,16,145,12,1441,119.3,0.02,5962.8,393,6,IR,260,240,260,430,450,720,
M-10 iD 16S ,17,140,16,1103,126.1,0.02,6302.9,407,6,IR,290,270,270,430,450,730,
M-20 iD 12L ,18,250,12,2272,109.1,0.03,3635.2,379,6,IR,210,210,265,420,450,720,
M-20 iB 25,19,210,25,1853,220.6,0.02,11029.8,397,6,IR,205,205,260,415,415,880,
M-20 iD 25,20,250,25,1831,183.1,0.02,9155,374,6,IR,210,210,265,420,420,720,
M-20 iD 25 Foodgrade,21,250,25,1831,183.1,0.02,9155,374,6,IR,210,210,265,420,420,720,
M-20 iB 25C ,22,210,25,1853,220.6,0.023,9591.1,397,6,IR,205,205,260,415,415,880,
M-20 iB 35S ,23,205,35,1445,246.7,0.02,12335.4,397,6,IR,205,205,260,415,415,880,
M-20 iD 35,24,250,35,1831,256.3,0.03,8544.7,277,6,IR,180,180,200,350,350,400,
M-410 iB 140H ,25,1200,140,2850,332.5,0.2,1662.5,189,5,IR,140,115,135,135,420,,
M-410 iC 110,26,1030,110,2403,256.6,0.5,513.3,209,4,IR,145,130,140,420,,,
M-410 iC 185,27,1600,185,3143,363.4,0.5,726.8,181,4,IR,140,140,140,305,,,
M-410 iC 315,28,1600,315,3143,618.8,0.5,1237.6,124,4,IR,90,100,110,195,,,
M-410 iC 500,29,2410,500,3143,652.1,0.5,1304.1,114,4,IR,85,85,85,200,,,
M-410 iB 700,30,2700,700,3143,814.9,0.5,1629.7,75,4,IR,60,60,60,120,,,
M-710 iC 12L ,31,540,12,3123,69.4,0.09,771.1,333,6,IR,180,180,180,400,430,630,
M-710 iC 20L ,32,540,20,3110,115.2,0.06,1919.8,307,6,IR,175,175,180,350,360,600,
M-710 iC 20M ,33,530,20,2582,97.4,0.06,1623.9,307,6,IR,175,175,180,350,360,600,
M-710 iC 45M ,34,570,45,2606,205.7,0.06,3428.9,233,6,IR,180,180,180,250,250,360,
M-710 iC 50S ,35,545,50,1359,124.7,0.04,3117,230,6,IR,175,175,175,250,250,355,
M-710 iC 50T ,36,410,50,1900,231.7,0.07,3310.1,230,6,IR,175,175,175,250,250,355,
M-710 iC 50H ,37,540,50,2003,185.5,0.15,1236.4,284,5,IR,175,175,175,175,720,,
M-710 iC 50,38,560,50,2050,183,0.03,6101.2,230,6,IR,175,175,175,250,250,355,
M-710 iC 50E ,39,560,50,2050,183,0.07,2614.8,226,6,IR,175,175,175,250,240,340,
M-710 iC 70T ,40,410,70,1900,324.4,0.07,4634.1,182,6,IR,175,120,120,225,225,225,
M-710 iC 70,41,560,70,2050,256.3,0.04,6406.3,179,6,IR,160,120,120,225,225,225,
M-800 iA 60,42,820,60,2040,149.3,0.03,4975.6,228,6,IR,150,150,150,260,260,400,
M-900 iB 280,43,1700,280,2655,437.3,0.1,4372.9,119,6,IR,110,105,100,110,110,180,
M-900 iB 280L ,44,1600,280,3103,543,0.1,5430.3,128,6,IR,110,105,100,125,125,205,
M-900 iB 330L ,45,1780,330,3203,593.8,0.1,5938.1,102,6,IR,100,85,85,90,85,165,
M-900 iB 360E ,46,1540,360,2655,620.6,0.1,6206.5,118,6,IR,100,105,100,110,110,180,
M-900 iB 400L ,47,3150,400,3704,470.3,0.1,4703.5,100,6,IR,80,80,80,100,100,160,
M-900 iB 700E ,48,3040,700,2832,652.1,0.1,6521.1,100,6,IR,80,80,80,100,100,160,
M-1000 iA ,49,5300,1000,3253,613.8,0.1,6137.7,64,6,IR,60,50,50,70,70,85,
M-2000 iA 900L ,50,9600,900,4683,439,0.18,2439.1,46,6,IR,45,30,30,50,50,70,
M-2000 iA 1200,51,8600,1200,3734,521,0.18,2894.6,46,6,IR,45,30,30,50,50,70,
M-2000 iA 1700L ,52,12500,1700,4683,636.9,0.27,2358.8,21,6,IR,20,14,14,18,18,40,
M-2000 iA 2300,53,11000,2300,3734,780.7,0.18,4337.5,21,6,IR,20,14,14,18,18,40,
R-1000 iA 80H ,54,610,80,2230,292.5,0.03,9748.6,245,5,IR,185,180,180,180,500,,
R-1000 iA 80F ,55,620,80,2230,287.7,0.03,9591.4,213,6,IR,170,140,160,230,230,350,
R-1000 iA 100F ,56,665,100,2230,335.3,0.03,11177.9,158,6,IR,130,110,120,170,170,250,
R-1000 iA 120F-7B ,57,790,120,2230,338.7,0.03,11291.1,154,7,IR,130,110,120,170,170,250,130
R-1000 iA 130F ,58,675,130,2230,429.5,0.03,14316,158,6,IR,130,110,120,170,170,250,
R-2000 iC 100P ,59,1470,100,3540,240.8,0.05,4816.3,138,6,IR,120,100,115,140,140,210,
R-2000 iD 100FH ,60,1150,100,2605,226.5,0.05,4530.4,171,6,IR,105,130,130,200,160,300,
R-2000 iC 125L ,61,1115,125,3100,347.5,0.05,6950.7,165,6,IR,130,115,125,180,180,260,
R-2000 iC 165F ,62,1090,165,2655,401.9,0.05,8038.1,165,6,IR,130,115,125,180,180,260,
R-2000 iD 165FH ,63,1130,165,2605,380.4,0.05,7607.5,163,6,IR,130,110,115,175,170,280,
R-2000 iC 165R ,64,1370,165,3095,372.8,0.05,7455.1,162,6,IR,115,110,125,180,180,260,
R-2000 iC 190S ,65,1120,190,2040,346.1,0.03,11535.7,130,6,IR,105,90,145,120,120,200,
R-2000 iC 210F ,66,1090,210,2655,511.5,0.05,10230.3,139,6,IR,120,105,110,140,140,220,
R-2000 iD 210FH ,67,1130,210,2605,484.1,0.05,9682.3,133,6,IR,120,90,100,140,130,220,
R-2000 iC 210L ,68,1350,210,3100,482.2,0.05,9644.4,120,6,IR,105,90,85,120,120,200,
R-2000 iC 210WE ,69,1180,210,2450,436,0.1,4360.2,118,6,IR,95,85,95,120,120,190,
R-2000 iC 210R ,70,1370,210,3095,474.4,0.05,9488.3,136,6,IR,105,100,110,140,140,220,
R-2000 iC 220U ,71,1020,220,2518,543.1,0.05,10862,136,6,IR,120,85,110,140,140,220,
R-2000 iC 240F ,72,1090,240,2655,584.6,0.05,11691.7,130,6,IR,115,90,105,130,130,210,
R-2000 iC 270F ,73,1320,270,2655,543.1,0.05,10861.4,120,6,IR,105,90,85,120,120,200,
R-2000 iC 270R ,74,1590,270,3095,525.6,0.05,10511.3,119,6,IR,105,85,85,120,120,200,
CR-4 iA ,75,48,4,550,45.8,0.01,4583.3,0,6,Cobot,,,,,,,
CRX-5 iA ,76,25,5,994,198.8,0.03,6626.7,193,6,Cobot,150,150,180,225,225,225,
CR-7 iA ,77,53,7,717,94.7,0.01,9469.8,0,6,Cobot,,,,,,,
CR-7 iA L ,78,55,7,911,115.9,0.01,11594.5,0,6,Cobot,,,,,,,
CRX-10 iA ,79,40,10,1249,312.3,0.04,7806.3,160,6,Cobot,120,120,180,180,180,180,
CRX-10 iA L ,80,40,10,1418,354.5,0.04,8862.5,160,6,Cobot,120,120,180,180,180,180,
CR-14 iA L ,81,55,14,911,231.9,0.01,23189.1,0,6,Cobot,,,,,,,
CR-15 iA ,82,255,15,1441,84.8,0.02,4238.2,0,6,Cobot,,,,,,,
CRX-20 iA L ,83,41,20,1418,691.7,0.04,17292.7,99,6,Cobot,80,80,120,112,90,112,
CRX-25 iA ,84,135,30,1889,419.8,0.05,8395.6,137,6,Cobot,80,80,120,180,180,180,
CR-35 iB ,85,375,50,1831,244.1,0.03,8137.8,0,6,Cobot,,,,,,,
ARC Mate 50 iD ,86,25,7,717,200.8,0.018,11153.3,574,6,IR,450,380,520,550,545,1000,
ARC Mate 50 iD 7L ,87,27,7,911,236.2,0.018,13121.4,531,6,IR,370,310,410,550,545,1000,
ARC Mate 100 iD 8L ,88,180,8,2032,90.3,0.03,3010.4,373,6,IR,210,210,220,430,450,720,
ARC Mate 100 iD 10L ,89,150,10,1636,109.1,0.03,3635.6,393,6,IR,260,240,260,430,450,720,
ARC Mate 100 iD 16S ,90,140,16,1103,126.1,0.02,6302.9,407,6,IR,290,270,270,430,450,730,
ARC Mate 100 iD ,91,145,12,1441,119.3,0.02,5962.8,393,6,IR,260,240,260,430,450,720,
ARC Mate 120 iD 12L ,92,250,12,2272,109.1,0.03,3635.2,379,6,IR,210,210,265,420,450,720,
ARC Mate 120 iD 35,93,250,35,1831,256.3,0.03,8544.7,277,6,IR,180,180,200,350,350,400,
ARC Mate 120 iD ,94,250,25,1831,183.1,0.02,9155,374,6,IR,210,210,265,420,420,720,
Paint Mate 200 iA 5L ,95,37,5,892,120.5,0.03,4018,405,6,IR,270,270,270,450,450,720,
P-40 iA ,96,110,5,1300,59.1,0.03,1969.7,378,6,IR,220,190,240,450,450,720,
P-50 iB 10L ,97,331,10,1800,54.4,0.2,271.9,298,6,IR,140,140,160,375,430,545,
P-250 iB 15,98,530,15,2800,79.2,0.2,396.2,305,6,IR,160,160,160,375,430,545,
P-350 iB 45,99,590,45,2606,198.8,0.1,1987.6,233,6,IR,180,180,180,250,250,360,
P-35 iA Opener ,100,700,20,4318,123.4,0.05,2467.4,75,5,IR,75,100,100,50,50,,
P-1000 iA ,101,700,15,2848,61,0.05,1220.6,156,7,IR,125,125,120,120,200,200,200
