Robot's model,Number in group,weight,payload,reach,A factor,Repeatability,B factor,avg,DOF,type
LBR iisy 3 R760,1,22.8,3.34,760,111.3,0.1,1113.3,266.7,6,cobot
LBR iisy 8 R930,2,43.2,9.6,930,206.7,0.05,4133.3,245,6,cobot
LBR iisy 11 R1300,3,46.3,11.72,1300,329.1,0.05,6581.4,253.3,6,cobot
LBR iisy 15 R930,4,43.2,16.41,930,353.3,0.05,7065.4,245,6,cobot
AGILUS KR 4 R600,5,27,4.63,601,103.1,0.015,6870.7,514.8,6,IR
AGILUS KR 6 R700 CR,6,50,6,706.7,84.8,0.03,2826.8,400.7,6,IR
AGILUS KR 6 R700 HM SC,7,60,6,706.7,70.7,0.03,2355.7,374.3,6,IR
AGILUS KR 6 R700 WP,8,51,6,706.7,83.1,0.03,2771.4,400.7,6,IR
AGILUS KR 6 R700-2,9,53,6.8,726,93.1,0.02,4657.4,410,6,IR
AGILUS KR 6 R900 CR,10,52,6,901.5,104,0.03,3467.3,400.7,6,IR
AGILUS KR 6 R900 EX,11,53,6,901.5,102.1,0.03,3401.9,400.7,6,IR
AGILUS KR 6 R900 HM SC,12,62,6,901.5,87.2,0.03,2908.1,374.3,6,IR
AGILUS KR 6 R900 WP,13,53,6,901.5,102.1,0.03,3401.9,400.7,6,IR
AGILUS KR 6 R900-2,14,55,6.7,901,109.8,0.02,5487.9,410,6,IR
AGILUS KR 10 R1100 CR,15,55,10,1101,200.2,0.03,6672.7,322.3,6,IR
AGILUS KR 10 R1100 EX,16,56,10,1101,196.6,0.03,6553.6,322.3,6,IR
AGILUS KR 10 R1100 HM SC,17,64,10,1101,172,0.03,5734.4,301.2,6,IR
AGILUS KR 10 R1100 WP,18,56,10,1101,196.6,0.03,6553.6,322.3,6,IR
AGILUS KR 10 R900 CR,19,52,10,901.5,173.4,0.03,5778.8,322.3,6,IR
AGILUS KR 10 R900 HM SC,20,62,10,901.5,145.4,0.03,4846.8,301.2,6,IR
AGILUS KR 10 R900 WP,21,53,10,901.5,170.1,0.03,5669.8,322.3,6,IR
AGILUS KR 10 R1100-2,22,55,11.1,1101,222.2,0.02,11110.1,334.7,6,IR
AGILUS KR 10 R900-2,23,55,11.3,901,185.1,0.02,9255.7,334.7,6,IR
LBR iiwa 7 R800,24,23.9,7,800,234.3,0.1,2343.1,132.3,7,cobot
LBR iiwa 7 R800 CR,25,26.1,7,800,214.6,0.1,2145.6,132.3,7,cobot
LBR iiwa 14 R820,26,29.5,14,820,389.2,0.15,2594.4,124.2,7,cobot
LBR iiwa 14 R820 CR,27,32.7,14,820,351.1,0.15,2340.5,124.2,7,cobot
CYBERTECH nano KR 6 R1840 2,28,162,9,1840,102.2,0.04,2555.6,310.7,6,IR
CYBERTECH nano KR 8 R1620,29,165,8,1620,78.5,0.04,1963.6,314,6,IR
CYBERTECH nano KR 8 R1640-2,30,158,12,1640,124.6,0.04,3113.9,310.6,6,IR
CYBERTECH nano KR 10 R1420,31,160,10,1420,88.8,0.04,2218.8,314,6,IR
CYBERTECH nano KR 10 R1440-2,32,153,14.3,1440,134.6,0.04,3364.7,310.7,6,IR
CYBERTECH nano KR 6 R1840-2 arc HW,33,175,12.6,1843,132.7,0.04,3317.4,364.6,6,IR
CYBERTECH nano KR 8 R1420 arc HW,34,179,8,1421,63.5,0.04,1587.7,365,6,IR
CYBERTECH nano KR 8 R1440-2 arc HW,35,167,14.5,1441,125.1,0.04,3127.9,364.7,6,IR
CYBERTECH nano KR 8 R1620 arc HW,36,184,8,1621,70.5,0.04,1762,359.7,6,IR
CYBERTECH nano KR 8 R1640-2 arc HW,37,172,10.7,1641,102.1,0.04,2552.1,364.6,6,IR
CYBERTECH KR 8 R2010-2,38,260,9.8,2013,75.9,0.04,1896.9,342.5,6,IR
CYBERTECH KR 12 R1810-2,39,255,14.5,1813,103.1,0.04,2577.3,342.5,6,IR
CYBERTECH KR 16 R1610-2,40,255,20,1612,126.4,0.04,3160.8,342.5,6,IR
CYBERTECH KR 16 R2010-2,41,260,19.2,2013,148.7,0.04,3716.3,342.5,6,IR
CYBERTECH KR 20 R1810 CR,42,250,23.9,1813,173.3,0.04,4333.1,342.5,6,IR
CYBERTECH KR 20 R1810 F,43,250,23.9,1813,173.3,0.04,4333.1,342.5,6,IR
CYBERTECH KR 20 R1810-HO,44,250,23.9,1813,173.3,0.04,4333.1,342.5,6,IR
CYBERTECH KR 20 R1810-2,45,255,23.9,1813,169.9,0.04,4248.1,342.5,6,IR
CYBERTECH KR 20 R1820-2 E,46,240,23.9,1820,181.2,0.04,4531,303.3,6,IR
CYBERTECH KR 20 R2010 KS F,47,242,23.9,2010,198.5,0.04,4962.7,342.5,6,IR
CYBERTECH KR 22 R1610-2,48,255,27.3,1612,172.6,0.04,4314.5,342.5,6,IR
CYBERTECH KR 8 R2100-2 arc HW,49,260,9.3,2101,75.2,0.04,1878.8,342.5,6,IR
IONTEC KR 20 R3100,50,549,23.6,3101,133.3,0.05,2666.1,309.2,6,IR
IONTEC KR 30 R2100,51,533,36,2101,141.9,0.05,2838.1,230.8,6,IR
IONTEC KR 50 R2100,52,533,61,2101,240.5,0.05,4809,231.7,6,IR
IONTEC KR 50 R2100 HO,53,533,61,2101,240.5,0.05,4809,231.7,6,IR
IONTEC KR 50 R2500 F,54,559,61,2501,272.9,0.05,5458.4,228,6,IR
IONTEC KR 50 R2500 HO,55,559,61,2501,272.9,0.05,5458.4,228,6,IR
IONTEC KR 50 R2500,56,559,61,2501,272.9,0.05,5458.4,228,6,IR
IONTEC KR 70 R2100 F,57,536,85,2101,333.2,0.05,6663.6,213,6,IR
IONTEC KR 70 R2100,58,536,85,2101,333.2,0.05,6663.6,213,6,IR
KR 40 PA,59,695,40,2091,120.3,0.05,2406.9,230.5,4,IR
QUANTEC KR 120 R2700-2 F,60,1069,167,2701,422,0.05,8439,164.2,6,IR
QUANTEC KR 120 R3100-2,61,1105,210,3100,589.1,0.05,11782.8,164.2,6,IR
QUANTEC KR 120 R3100-2 F,62,1105,210,3100,589.1,0.05,11782.8,164.2,6,IR
UANTEC KR 120 R3900-2 K,63,1280,146,3904,445.3,0.05,8906,157.7,6,IR
QUANTEC KR 150 R2700-2,64,1072,218,2701,549.3,0.05,10985.4,164.2,6,IR
QUANTEC KR 150 R2700-2 F,65,1072,218,2701,549.3,0.05,10985.4,164.2,6,IR
QUANTEC KR 150 R3100-2,66,1105,220,3100,617.2,0.05,12343.9,159.3,6,IR
QUANTEC KR 150 R3100-2 F,67,1105,220,3100,617.2,0.05,12343.9,159.3,6,IR
QUANTECKR 180 R2900-2,68,1105,253,2900,664,0.05,13279.6,149.3,6,IR
QUANTEC KR 180 R2900-2 F,69,1105,253,2900,664,0.05,13279.6,149.3,6,IR
QUANTEC KR 180 R3500-2 K,70,1256,228,3505,636.3,0.05,12725.2,151,6,IR
QUANTEC KR 210 R2700-2,71,1077,275,2701,689.7,0.05,13793.4,153,6,IR
QUANTEC KR 210 R2700-2 F,72,1077,275,2701,689.7,0.05,13793.4,153,6,IR
QUANTEC KR 210 R3100-2 C,73,1139,255,3065,686.2,0.05,13723.9,128.3,6,IR
QUANTEC KR 210 R3100-2 F,74,1134,281,3100,768.2,0.05,15363.3,128.3,6,IR
QUANTEC KR 210 R3300-2 K,75,1266,273,3305,712.7,0.05,14253.8,135.8,6,IR
QUANTEC KR 240 R2900-2,76,1120,319,2900,826,0.05,16519.6,133.7,6,IR
QUANTEC KR 240 R2900-2 C,77,1125,292,2865,743.6,0.05,14872.5,133.7,6,IR
QUANTEC KR 240 R2900-2 F,78,1120,319,2900,826,0.05,16519.6,133.7,6,IR
QUANTEC KR 250 R2700-2 C,79,1105,305,2671,737.2,0.05,14744.9,137.3,6,IR
QUANTEC KR 250 R2700-2 F,80,1101,315,2701,772.8,0.05,15455.3,137.3,6,IR
QUANTEC KR 270 R3100-2 K,81,1260,344,3105,847.7,0.05,16954.3,124.8,6,IR
QUANTEC KR 300 R2700-2 F,82,1101,370,2701,907.7,0.05,18153.9,124.3,6,IR
QUANTEC nano KR 120 R1800,83,684,120,1803,316.3,0.06,5271.9,192.8,6,IR
QUANTEC nano KR 120 R1800 C,84,684,120,1803,316.3,0.06,5271.9,192.8,6,IR
QUANTEC nano KR 120 R2100 F exclusive,85,963,120,2100,261.7,0.05,5233.6,197.5,6,IR
QUANTEC nano KR 160 R1570,86,677,160,1573,371.8,0.06,6196,149,6,IR
QUANTEC nano KR 160 R1570 C,87,677,160,1573,371.8,0.06,6196,149,6,IR
QUANTEC nano KR 180 R2100 F exclusive,88,998,180,2100,378.8,0.05,7575.2,153.5,6,IR
QUANTEC PA KR 120 R3200,89,1075,120,3195,356.7,0.06,5944.2,162,5,IR
QUANTEC PA KR 120 R3200 arctic,90,1075,120,3195,356.7,0.06,5944.2,162,5,IR
QUANTEC PA KR 120 R3200 HO,91,1075,120,3195,356.7,0.06,5944.2,162,5,IR
QUANTEC PA KR 140 R3200-2,92,1017,180,3195,565.5,0.07,8078.4,182.6,5,IR
QUANTEC PA KR 180 R3200,93,1093,180,3195,526.2,0.06,8769.4,148.2,5,IR
QUANTEC PA KR 180 R3200 arctic,94,1093,180,3195,526.2,0.06,8769.4,148.2,5,IR
QUANTEC PA KR 180 R3200 HO,95,1093,180,3195,526.2,0.06,8769.4,148.2,5,IR
QUANTEC PA KR 180 R3200-2,96,1017,230,3195,722.6,0.07,10322.4,148.2,5,IR
QUANTEC PA KR 240 R3200,97,1103,240,3195,695.2,0.06,11586.6,145.6,5,IR
QUANTEC PA KR 240 R3200 arctic,98,1103,240,3195,695.2,0.06,11586.6,145.6,5,IR
QUANTEC PA KR 240 R3200 HO,99,1103,240,3195,695.2,0.06,11586.6,145.6,5,IR
QUANTEC PA KR 240 R3200-2,100,1017,292,3195,917.3,0.07,13104.9,182.6,5,IR
360 FORTEC KR 240 R3330,101,2421,297,3326,408,0.08,5100.3,111.7,6,IR
360 FORTEC KR 240 R3330 C,102,2421,297,3326,408,0.08,5100.3,111.7,6,IR
360 FORTEC KR 240 R3330 F,103,2421,297,3326,408,0.08,5100.3,111.7,6,IR
360 FORTEC KR 280 R3080,104,2415,356,3076,453.4,0.08,5668,111.7,6,IR
360 FORTEC KR 280 R3080 F,105,2415,356,3076,453.4,0.08,5668,111.7,6,IR
360 FORTEC KR R2830,106,2385,472,2826,559.3,0.08,6990.9,111.7,6,IR
360 FORTEC KR R2830 C,107,2385,472,2826,559.3,0.08,6990.9,111.7,6,IR
360 FORTEC KR R2830 C-F,108,2385,472,2826,559.3,0.08,6990.9,111.7,6,IR
360 FORTEC KR R2830 F,109,2385,472,2826,559.3,0.08,6990.9,111.7,6,IR
KR 470-2 PA,110,2150,470,3150,688.6,0.08,8607.6,103,5,IR
500 FORTEC KR 340 R3330,111,2421,418,3326,574.3,0.08,7178.2,91.3,6,IR
500 FORTEC KR 340 R3330 F,112,2421,418,3326,574.3,0.08,7178.2,91.3,6,IR
500 FORTEC KR 420 R3080,113,2415,526,3076,670,0.08,8374.6,91.3,6,IR
500 FORTEC KR 420 R3080 F,114,2415,526,3076,670,0.08,8374.6,91.3,6,IR
500 FORTEC KR 480 R3330 MT,115,2475,568,3326,763.3,0.08,9541.3,73,6,IR
500 FORTEC KR 480 R3330 MT-F,116,2475,568,3326,763.3,0.08,9541.3,73,6,IR
500 FORTEC KR 500 R2830,117,2385,611,2826,724,0.08,9049.7,91.3,6,IR
500 FORTEC KR R2830 C,118,2385,611,2485,636.6,0.08,7957.7,91.3,6,IR
500 FORTEC KR R2830 C-F,119,2385,611,2485,636.6,0.08,7957.7,91.3,6,IR
500 FORTEC KR R2830 F,120,2385,611,2826,724,0.08,9049.7,91.3,6,IR
500 FORTEC KR R2830 MT,121,2440,611,2826,707.7,0.08,8845.7,73,6,IR
500 FORTEC KR R2830 MT-F,122,2440,611,2826,707.7,0.08,8845.7,73,6,IR
600 FORTEC KR 420 R3330,123,2686,515,3326,637.7,0.08,7971.4,79.2,6,IR
600 FORTEC KR 420 R3330 F,124,2686,515,3326,637.7,0.08,7971.4,79.2,6,IR
600 FORTEC KR 510 R3080,125,2680,635,3076,728.8,0.08,9110.4,79,6,IR
600 FORTEC KR 510 R3080 F,126,2680,635,3076,728.8,0.08,9110.4,79,6,IR
600 FORTEC KR 600 R2830,127,2650,729,2826,777.4,0.08,9717.7,79,6,IR
600 FORTEC KR 600 R2830 F,128,2650,729,2826,777.4,0.08,9717.7,79,6,IR
KR 700 PA,129,2850,700,3320,815.4,0.08,10193,97,4,IR
KR 640 R2800-2,130,2170,834,2800,1076.1,0.08,13451.6,93,6,IR
KR 800 R2800-2,131,2400,970,2800,1131.7,0.08,14145.8,83,6,IR
KR 1000 L750 titan,132,4740,750,3601,569.8,0.08,7122.2,58,6,IR
KR 1000 L750 titan F,133,4750,750,3601,568.6,0.1,5685.8,58,6,IR
KR 1000 titan,134,4690,1000,3202,682.7,0.1,6827.3,58,6,IR
KR 1000 titan F,135,4700,1000,3202,681.3,0.1,6812.8,58,6,IR
KR 1000 1300 titan PA,136,4690,1300,3202,887.5,0.1,8875.5,58,5,IR
KR 1000 1300 titan PA-F,137,4690,1300,3202,887.5,0.1,8875.5,58,5,IR
LBR iisy 6 R1300,138,46.3,6.9,1300,193.7,0.05,3874.7,253.3,6,cobot
AGILUS KR 6 R900-2 HO,139,55,6.7,901,109.8,0.02,5487.9,410,6,IR
AGILUS KR 10 R1100-2 HO,140,55,11.1,1101,222.2,0.02,11110.1,334.7,6,IR
CYBERTECH nano KR 10 R1440-2 HO,141,153,14.3,1440,134.6,0.04,3364.7,310.67,6,IR
IONTEC KR 30 R2100 CR lite,142,533,36,2101,141.9,0.05,2838.1,230.8,6,IR
IONTEC KR 50 R2100 CR lite,143,533,61,2101,240.5,0.05,4809,231.7,6,IR
IONTEC KR 50 R2500 CR lite,144,559,61,2501,272.9,0.05,5458.4,228,6,IR
IONTEC KR 70 R2100 CR lite,145,536,85,2101,333.2,0.05,6663.6,213,6,IR
IONTEC KR 70 R2100 HO,146,536,85,2101,333.2,0.05,6663.6,213,6,IR
KR 1000 L950 titan PA,147,4740,950,3601,721.7,0.1,7217.2,58,6,IR
FORTEC ultra KR 480 R3400-2,148,2170,591,3400,926,0.08,11574.9,94.2,6,IR
FORTEC ultra KR 480 R3700-2,149,2460,580,3700,872.4,0.08,10904.5,86.7,6,IR
FORTEC ultra KR 560 R3100-2,150,2170,681,3100,972.9,0.08,12160.7,92.5,6,IR
FORTEC ultra KR 560 R3100-2 HI,151,2170,681,3100,972.9,0.08,12160.7,81.7,6,IR
FORTEC ultra KR 640 R2800-2 HI,152,2130,835,2800,1097.7,0.08,13720.7,81.7,6,IR
KR 300-2 PA,153,2150,300,3150,439.5,0.08,5494.2,113.6,5,IR
QUANTEC PA KR 140 R3200-2 PA-HO,154,1017,180,3195,565.5,0.07,8078.4,182.6,5,IR
QUANTEC PA KR 180 R3200-2 PA-HO,155,1017,230,3195,722.6,0.07,10322.4,182.6,5,IR
QUANTEC PA KR 240 R3200-2 PA-HO,156,1017,292,3195,917.3,0.07,13104.9,182.6,5,IR
QUANTEC KR 120 R2700-2 HO,157,1069,167,2701,422,0.05,8439,164.2,6,IR
QUANTEC KR 120 R3500-2 P,159,1281,180,3505,492.5,0.05,9850.1,138.5,6,IR
QUANTEC KR 120 R3500-2 P-C,160,1283,180,3505,491.7,0.05,9834.8,138.5,6,IR
QUANTEC KR 150 R3100-2 HO,161,1105,220,3100,617.2,0.05,12343.9,159.3,6,IR
QUANTEC KR 180 R3500-2 K-F,162,1256,228,3505,636.3,0.05,12725.2,151,6,IR
QUANTEC KR 210 R3300-2 K-F,164,1266,273,3305,712.7,0.05,14253.8,135.8,6,IR
QUANTEC KR 240 R2900-2 HO,165,1120,319,2900,826,0.05,16519.6,133.7,6,IR
QUANTEC KR 270 R3100-2 K-F,167,1260,344,3105,847.7,0.05,16954.3,124.8,6,IR
QUANTEC KR 300 R2700-2 C,168,1105,366,2671,884.7,0.05,17693.9,124.3,6,IR
QUANTEC KR 300 R2700-2 HC,170,1150,343,2701,805.6,0.05,16112.1,123.2,6,IR
